NOT COMPLETELY ACCURATE DATA: County Name,Population (as of July 1 2019),No. of Cases (as of July 22nd),Percentage of Cases per population,Number of liscenced hospital beds,Employment as of december 2019,Average Per capita income,Avg. Temp. (April in Farenheit) ,Avg Temp. (May in Farenheit),Avg. Temp. (June in Farenheit),Percentage of Hispanic ,Hispanic Population,Percentage of Black/African American pop./total pop.,Black/African American Population,Percentage of Asians,Asian Population,Percent of population in poverty,Percentage of Jobs: Retail,Jobs: retail,Percentage of Pet ownership,Testing facilites for COVID,No. of Airports,Health Insurance: Percent of population of kids (under 19),Health Insurance: population of kids (under 19),Average household size,Classes Example
2,55917,886,1.5844913,85,1663,41618,63.2,70.9,78.4,2.988357745,1671,21.07409196,11784,1.173167373,656,13.80,2.974050825,1663,59.80,10,1,23.94799435,13391,2.59,1
3,36802,624,1.695560024,187,1811,35651,66,71.8,79,1.866746372,687,13.55361122,4988,0.5054073148,186,19.90,4.92092821,1811,59.80,10,2,21.88468018,8054,2.44,2
4,13750,210,1.527272727,93,251,36645,64.3,70.4,77.8,2.421818182,333,25.27272727,3475,1.105454545,152,19.50,1.825454545,251,59.80,11,1,22.47272727,3090,2.73,1
5,16474,129,0.7830520821,61,509,34966,60,67.9,76,2.033507345,335,12.62595605,2080,0.4734733519,78,23.50,3.08971713,509,59.80,8,2,21.00886245,3461,2.34,2
6,26271,161,0.6128430589,83,509,35192,67.1,72.4,79.7,4.168094096,1095,10.33839595,2716,0.3501960336,92,21.30,3.007118115,790,59.80,9,6,21.82634845,5734,2.5,1
7,658573,9400,1.427328481,4159,38452,54730,60.1,44.2,49.3,4.080489179,26873,44.21711792,291202,1.789626966,11786,17,5.83868455,38452,59.80,2,5,22.76649665,149934,2.47,2
8,372909,3792,1.016870067,1061,22896,51445,57.5,65.1,74.7,5.189469817,19352,26.16134231,97558,2.675719814,9978,13.20,6.139835724,22896,59.80,9,11,21.72942997,81031,2.4,1
9,413210,6473,1.566515815,1930,20556,38243,20,68.1,76.3,3.011301759,12443,37.16149174,153555,2.071343869,8559,19.28,4.974710196,20556,59.80,0,11,23.3711672,96572,2.6,2
10,226486,5397,2.382928746,1069,12752,43688,64,73.1,80.1,3.684112925,8344,60.24080959,136437,3.277906802,7424,20.10,5.630370089,12752,59.80,1,5,22.93784163,51951,2.45,1
11,279141,3985,1.42759394,342,12683,88890,55.4,62.3,75.2,17.06306132,47630,2.711532881,7569,4.165636721,11628,8.60,4.543581917,12683,69,11,15,25.49070183,71155,2.72,2
12,391911,3923,1.000992572,4324,25673,51185,59,67.3,76.7,6.249633208,24493,39.16297323,153484,2.259441557,8855,17.03,6.550721975,25673,69,9,9,23.01032632,90180,2.46,1
13,127827,1214,0.9497211074,1081,7979,42110,58.8,66.4,77.3,14.7566633,18863,8.514633059,10884,4.740000156,6059,15.60,6.242030244,7979,69,9,2,23.29320097,29775,2.48,2
14,239187,5350,2.236743636,990,12822,40247,55.5,62.4,74.7,17.14098174,40999,4.762382571,11391,2.632668163,6297,15.20,5.360659233,12822,69,9,4,23.59367357,56433,2.57,1
15,71887,2797,3.890828662,162,999,34355,50.5,61,68.6,6.588117462,4736,1.192148789,857,0.4799198742,345,37.30,1.389681027,999,58,9,4,24.04329016,17284,3.44,2
16,54018,600,1.110740864,50,1775,40267,59.4,69.8,75.4,18.91221445,10216,1.190343959,643,0.9052538043,489,20.40,3.285941723,1775,58,10,5,18.52160391,10005,2.42,1
17,9498,39,0.4106127606,,214,39855,56.1,66.7,73.4,47.65213729,4526,3.032217309,288,0.8317540535,79,10.50,2.253105917,214,58,10,2,26.75300063,2541,2.92,2
18,4485414,100543,2.241554514,11544,239749,47694,69.2,81,86,31.40969819,1408855,7.70348066,345533,4.630809999,207711,14.73,5.345080744,239749,58,10,38,22.34382378,1002213,2.76,1
19,1047279,13990,1.335842693,3727,43601,44028,66.3,77.2,82.4,37.75937453,395446,5.322172984,55738,3.349155287,35075,17.78,4.163264994,43601,58,11,10,19.74440431,206779,2.47,2
20,235099,1463,0.6222910348,385,9823,40312,57.2,68.7,74.5,14.7346437,34641,1.429610505,3361,1.252663771,2945,13.20,4.178239805,9823,58,5,17,14.8750101,34971,2.29,1
21,1671329,9643,0.5769659953,3464,73182,76644,57.6,65.1,69.5,22.32085963,373055,12.82763597,214392,32.33301163,540391,10.57,4.378671105,73182,40.10,7,4,21.16608998,353755,2.81,2
22,1153526,6202,0.5376558482,1696,43141,82506,58.9,66.9,71.4,26.04362624,300420,11.24352637,129697,18.30197152,211118,9.12,3.739924371,43141,40.10,10,4,23.18569326,267453,2.86,1
23,999101,11412,1.142226862,1902,40577,43084,53,61.8,67.9,53.76633594,537180,6.828338676,68222,11.14531964,111353,24.13,4.061351155,40577,40.10,9,24,27.94822545,279231,3.16,2
24,10039107,164870,1.642277545,24753,436276,62224,58.6,66.6,70.3,48.62952452,4881970,9.977182233,1001620,15.39424772,1545445,15.98,4.345765017,436276,40.10,10,21,21.84353648,2192896,3,1
25,1927852,8321,0.4316202696,4382,86104,107877,56.5,63.5,68.2,25.01737685,482298,3.707027303,71466,39.01959279,752240,7.92,4.466317954,86104,40.10,11,5,22.96400346,442712,2.97,2
26,447643,2982,0.6661558429,1519,18797,51664,60.9,67.7,72.9,27.27687018,122103,17.65737429,79042,16.15528446,72318,10.38,4.19910509,18797,40.10,9,5,22.51548667,100789,2.87,1
27,656590,6197,0.9438157754,1241,34323,60180,44.9,58.4,70,19.75068155,129681,13.59295755,89250,6.555993847,43046,9.01,5.227463105,34323,47.20,10,10,22.99166908,150961,2.66,2
28,727211,8650,1.189475957,3071,32695,79849,46,60,70.7,29.2877858,212984,11.30648464,82222,4.081896451,29684,10.92,4.495944093,32695,47.20,10,1,18.70227486,136005,2.31,1
29,720403,3786,0.5255391774,1412,32395,48467,44.5,57,67.4,17.73257468,127746,9.051183851,65205,3.146849749,22670,10.91,4.496788603,32395,47.20,7,16,23.47783116,169135,2.64,2
30,582881,3395,0.5824516497,641,30060,63536,41,54,63.5,15.58843057,90862,2.169224936,12644,3.09840259,18060,7.38,5.157141852,30060,47.20,10,3,19.87626977,115855,2.44,1
31,310000,1158,0.3735483871,742,19883,54188,38.2,50,59.3,13.71774194,42525,2.284193548,7081,2.741612903,8499,10.50,6.413870968,19883,47.20,11,11,22.29387097,69111,2.46,2
32,854757,12825,1.500426437,1721,42678,56650,45.4,56.8,69.4,19.14181457,163616,16.88713868,144344,4.330002562,37011,11.87,4.99299801,42678,49.90,10,3,20.61860856,176239,2.52,1
33,265206,1352,0.5097923878,419,14596,59264,44.4,56.4,68.4,11.10193585,29443,9.170607,24321,4.325316923,11471,9.80,5.503646222,14596,49.90,6,9,19.92451151,52841,2.39,2
34,150721,937,0.6216784655,209,4367,56614,43.7,56.2,67.9,5.879074582,8861,4.861963495,7328,5.048400687,7609,8,2.897406466,4367,49.90,9,3,18.12819713,27323,2.46,1
35,558753,6231,1.115161798,2156,30456,56745,51.1,60.1,73.1,10.41605146,58200,28.21461361,157650,5.786277658,32331,11.43,5.450708989,30456,57.90,8,6,21.48713295,120060,2.64,2
36,1952778,43747,2.240244411,6026,113772,50269,79,77.9,82.5,31.08300073,606982,31.82379154,621448,3.872278364,75617,13.49,5.826161499,113772,56,9,4,20.11396073,392781,2.65,1
37,957755,17979,1.877202416,3456,57495,46174,70.6,74.6,79.3,10.51792995,100736,32.44932159,310785,4.997311421,47862,15.47,6.003101002,57495,56,10,8,21.36851282,204658,2.55,2
38,1471968,24891,1.691001435,4471,76252,47000,74.9,77.7,83,29.68108002,436896,19.69295528,289874,4.448330398,65478,15.31,5.180275658,76252,56,9,9,21.31588458,313763,2.63,1
39,2716940,92345,3.398860483,7842,148228,50022,80,78.6,83.2,69.42972609,1886364,18.577775,504747,1.62355444,44111,18.04,5.455696482,148228,56,9,,19.64342238,533700,3.07,2
40,1496770,27506,1.837690494,4440,81500,79760,77.8,77.4,81.8,23.35589302,349584,20.97877429,314004,2.944607388,44074,12.82,5.445058359,81500,56,10,12,18.09369509,270821,2.6,1
41,974996,14191,1.455493151,3874,54472,53455,75,77.9,83.2,10.19573414,99408,12.30743511,119997,3.568322332,34791,13.05,5.586894715,54472,56,9,3,15.70909009,153163,2.31,2
42,289430,3723,1.28632139,1569,19784,47563,67.1,73.6,79.7,6.681062779,19337,42.58300798,123248,2.947863041,8532,14.40,6.835504267,19784,51.50,10,3,20.00138203,57890,2.54,1
43,760141,8966,1.17951801,1346,42740,57162,58.7,66,74.6,13.30305825,101122,30.45737567,231519,5.5990928,42561,10.01,5.622641063,42740,51.50,9,2,22.5673921,171544,2.65,2
44,759297,10203,1.343742962,2383,35166,50871,59.4,66.4,74.9,8.528546801,64757,56.22793189,426937,6.470853961,49133,16.58,4.631389298,35166,51.50,10,0,21.48566371,163140,2.63,1
45,1063937,14169,1.331751786,4682,64849,84386,59.2,66.3,74.8,7.215934778,76773,45.81098317,487400,7.603457724,80896,15.10,6.095191727,64849,51.50,10,3,20.59746019,219144,2.47,2
46,936250,14099,1.505901202,848,50697,41458,58.8,65.3,74,21.74878505,203623,31.60021362,295857,12.54622163,117464,11.37,5.414899866,50697,51.50,9,2,25.14606142,235430,3.11,1
47,104628,2410,2.303398708,282,5245,38752,57.6,65.3,74.9,36.33253049,38014,5.294949727,5540,1.639140574,1715,14.20,5.012998433,5245,51.50,9,2,23.53480904,24624,2.84,2
48,481587,6423,1.333715403,1351,29136,52958,50.6,58.7,64.2,8.522862951,41045,2.15765791,10391,2.726610145,13131,10.97,6.049997197,29136,69.90,9,12,23.67900296,114035,2.59,1
49,119062,394,0.3309200249,420,8053,48287,39.3,50.1,55.9,13.38798273,15940,1.280005375,1524,1.140582218,1358,10.60,6.763702945,8053,69.90,8,3,29.63833969,35288,2.84,2
50,229849,3598,1.565375529,343,8683,32680,51.6,59.8,65.5,25.64596757,58947,1.373510435,3157,1.06809253,2455,11.50,3.777697532,8683,69.90,10,11,26.40255124,60686,2.95,1
51,165697,1161,0.7006765361,434,8994,44987,44,51.8,57.6,4.940342915,8186,0.8998352414,1491,0.9215616457,1527,10.30,5.427979988,8994,69.90,8,11,21.81210281,36142,2.51,2
52,5150233,100124,1.944067385,19529,236336,62205,46.8,58.4,71.7,25.61598669,1319283,24.7897134,1276728,7.90573941,407164,15.14,4.588840932,236336,48.60,10,4,21.76926753,1121168,2.61,1
53,922921,10531,1.141051076,1928,59743,72889,46.8,58.6,71.7,14.57437852,134510,6.067691601,56000,12.73207566,117507,6.77,6.473251773,59743,48.60,9,0,23.36754717,215664,2.69,2
54,696535,11079,1.590587695,1119,41197,78559,44.9,56.8,69.9,22.43562779,156272,8.4277172,58702,8.445806743,58828,8.26,5.9145628,41197,48.60,10,6,24.70959823,172111,2.8,1
55,690743,7845,1.135733551,1023,31554,52953,46.9,58.7,72.5,18.15074492,125375,13.24153846,91465,6.045084786,41756,7,4.568124469,31554,48.60,11,8,25.49906405,176133,2.98,2
56,282572,3386,1.198278669,988,15083,43742,46.2,58.2,71.4,13.51160058,38180,15.83773339,44753,2.835383548,8012,16.10,5.337754625,15083,48.60,11,14,23.39474541,66107,2.46,1
57,602401,4158,0.690237898,1933,874,74010,53,61.9,77,7.922131603,47723,6.147400154,37032,5.351252737,32236,5.58,0.1450860805,874,62.80,8,7,24.62927518,148367,2.57,2
58,516042,3368,0.6526600548,2918,28417,53776,55.2,63.5,79.7,15.04528701,77640,11.32814771,58458,4.583735432,23654,13.96,5.506722321,28417,62.80,9,23,24.87995163,128391,2.58,1
59,176875,1237,0.6993639576,1263,9192,46861,53.4,62.4,78,12.8175265,22671,11.1044523,19641,1.562120141,2763,13.90,5.196890459,9192,62.80,10,5,23.46233216,41499,2.41,2
60,165429,3937,2.379872936,1376,7827,33315,52.8,62.2,77.4,29.84120076,49366,24.61297596,40717,5.430124102,8983,18.40,4.731334893,7827,62.80,10,0,26.13145216,43229,2.72,1
61,133581,871,0.6520388379,271,10860,48004,51.4,60.9,73.2,4.387600033,5861,4.885425322,6526,2.419505768,3232,6.40,8.129898713,10860,64.10,8,5,26.08379934,34843,2.76,2
62,323152,2205,0.6823414368,2185,21895,50180,50.7,61,71.5,7.414467495,23960,17.30393128,55918,4.142942021,13388,14.60,6.775449324,21895,64.10,9,3,20.74874981,67050,2.38,1
63,766757,5519,0.7197847558,3094,45723,51937,53.2,63.3,74.3,5.915172604,45355,24.06785983,184542,3.041641615,23322,14.78,5.963166949,45723,64.10,9,3,22.07166025,169236,2.42,2
64,166998,1100,0.6586905232,707,5649,57982,51.3,60.9,72.9,3.435370483,5737,6.373130217,10643,1.302410807,2175,10.40,3.382675242,5649,64.10,9,1,23.71345765,39601,2.55,1
65,440059,8919,2.026773683,2632,27364,51386,68.1,73.9,80,4.403954924,19380,48.07332653,211551,3.395681034,14943,18.27,6.218257097,27364,54.40,10,4,22.58060851,99368,2.62,2
66,432493,12812,2.962360084,2259,1258,51005,70.4,76.3,81.8,14.91977905,64527,29.19076147,126248,4.26966448,18466,15.46,6.304379493,27266,54.40,8,11,21.84798367,94491,2.56,1
67,390144,9586,2.457041503,2209,14771,52004,69.6,75.3,81.2,5.506684711,21484,61.14050197,238536,2.926868028,11419,24.58,3.786037976,14771,54.40,11,1,19.71169619,76904,2.44,2
68,260419,3954,1.518322396,1122,13767,62366,68.4,73.8,80,5.881291304,15316,13.71520511,35717,1.46648286,3819,11.80,5.286480633,13767,54.40,8,8,23.88496999,62201,2.72,1
69,212990,1644,0.7718672238,430,14941,74756,43.5,54.6,66.3,3.396873093,7235,4.478144514,9538,1.590685009,3388,8,7.014883328,14941,49.10,9,6,15.55284286,33126,2.24,2
70,124944,626,0.501024459,323,7698,56503,40.9,54,64.7,5.139902676,6422,5.135900884,6417,1.666346523,2082,11.30,6.1611602,7698,49.10,8,6,17.17489435,21459,2.18,1
71,565217,8761,1.55002415,1207,33801,54089,43.8,56.9,69,8.592805949,48568,7.548782149,42667,2.469317094,13957,11.49,5.980181063,33801,49.10,10,6,21.00839147,118743,2.51,2
72,17332,64,0.3692591738,25,1228,93726,43.4,54.9,66.5,3.87145165,671,6.237018232,1081,1.090468498,189,7.70,7.085160397,1228,49.10,9,3,17.86868221,3097,2.68,1
73,579234,6105,1.053978185,634,33251,67363,53.9,62.6,75.5,8.424574524,48798,20.09205261,116380,4.218847651,24437,6,5.74051247,33251,48.60,7,6,22.25939776,128934,2.65,2
74,827379,10153,1.227128076,6249,46298,61556,51,60.6,72.8,5.810396445,48074,32.00443811,264798,6.317056633,52266,9.24,5.595742701,46298,48.60,10,4,21.57064658,178471,2.58,1
75,1050688,16593,1.579250929,2166,44632,89690,51.5,60.8,72.6,20.06047466,210773,21.81427788,229200,15.59406789,163845,6.90,4.247883292,44632,48.60,8,3,23.37135287,245560,2.79,2
76,909327,20958,2.304781448,785,39770,49420,53.5,62.1,74.6,19.54489419,177727,66.47333687,604460,4.416563019,40161,8.87,4.373564185,39770,48.60,9,6,21.80744661,198301,2.87,1
77,108277,515,0.475631944,483,6612,41528,40.9,54,64.6,1.939470063,2100,5.675258827,6145,0.9364869732,1014,12.30,6.106560027,6612,63.50,8,8,20.82621425,22550,2.29,2
78,67055,31,0.04623070614,228,3726,41241,35.5,49.6,62,1.35112967,906,1.585265827,1063,0.5115203937,343,15.30,5.556632615,3726,63.50,9,12,16.85929461,11305,2.23,1
79,295003,1986,0.6732134927,1121,22559,62523,41.4,54.2,65.3,2.157944157,6366,3.939620953,11622,2.392179063,7057,8.20,7.647040878,22559,63.50,7,12,18.65777636,55041,2.36,2
80,28405,125,0.4400633691,124,1858,40985,38.8,50.9,64.9,1.499735962,426,1.105439183,314,0.5914451681,168,15.30,6.541101919,1858,62.40,7,1,18.45097694,5241,2.21,1
81,23324,31,0.132910307,999,533,47070,38.8,51.4,64.6,2.508146116,585,0.8960727148,209,0.3301320528,77,10.60,2.285199794,533,62.40,10,5,17.77996913,4147,2.34,2
82,14883,39,0.2620439428,25,654,37369,41.5,54,66.8,2.035879863,303,1.142242827,170,0.3090774709,46,15.90,4.394275348,654,62.40,7,0,18.07431297,2690,2.24,1
83,8209,5,0.06090875868,15,162,33519,34,49.5,62,1.656718236,136,8.929224022,733,0.4019978073,33,15.40,1.973443781,162,62.40,8,0,17.85844804,1466,2.37,2
84,15886,22,0.1384867179,25,540,39780,38.3,52,65.2,1.422636284,226,1.258970162,200,0.2958579882,47,13.70,3.399219438,540,54,9,6,16.10852323,2559,2.02,1
85,356921,2790,0.7816855831,746,16372,51258,43.2,57,70.7,4.866623146,17370,8.811753861,31451,4.975610849,17759,6.09,4.58700945,16372,54,8,4,23.84589307,85111,2.72,2
86,34423,85,0.2469279261,87,1802,47272,38.1,52.6,67.5,2.268831886,781,1.173633908,404,0.540336403,186,11.10,5.234872033,1802,54,9,3,23.74284635,8173,2.47,1
87,47188,115,0.243706027,134,2980,41565,36.9,52,65.2,2.576926337,1216,1.741968297,822,0.756548275,357,18.40,6.315164872,2980,54,8,6,23.84716453,11253,2.54,2
88,5143,7,0.1361073304,18,174,42633,50.8,60.7,76.3,1.47773673,76,1.127746451,58,0.3888780867,20,11.80,3.383239354,174,63.50,9,3,19.17168968,986,2.06,1
89,25388,168,0.6617299512,70,1031,40111,51.5,61.4,74.2,3.261383331,828,8.121947377,2062,0.5317472822,135,16.70,4.060973688,1031,63.50,9,2,21.42744604,5440,2.55,2
90,35789,173,0.4833887507,43,1547,34540,54.4,61.8,74.7,9.938808014,3557,1.117661851,400,2.425326218,868,18.80,4.32255721,1547,63.50,9,7,20.78851044,7440,2.66,1
91,15886,432,2.719375551,25,703,33809,60.4,68.7,77,2.297620546,365,50.61060053,8040,0.4972932142,79,23.70,4.425280121,703,63.50,8,1,28.55344328,4536,2.56,1
92,30628,634,2.070001306,164,1614,38213,61.8,70.7,78.8,2.23325062,684,64.17004049,19654,1.129685255,346,29.40,5.269687867,1614,63.50,9,8,24.25884811,7430,2.55,1
93,14361,303,2.109880928,25,419,33043,59.8,69,77.2,6.280899659,902,29.32247058,4211,0.160155978,23,21.30,2.917624121,419,63.50,10,3,22.28953416,3201,2.47,2
94,142820,992,0.694580591,139,5313,42749,61.6,67.8,75.7,4.930681977,7042,10.94454558,15631,0.7491947906,1070,10.50,3.720067217,5313,58.60,11,4,14.18568828,20260,2.32,1
95,261191,1248,0.4778112569,1128,17389,48592,51.7,58.1,67.5,6.841736507,17870,7.435937685,19422,1.423096508,3717,11.50,6.657580085,17389,58.60,10,2,17.96616269,46926,2.31,2
96,90485,1360,1.503011549,746,2904,35265,55.2,60.6,71.6,6.470685749,5855,7.905177654,7153,3.632646295,3287,14,3.209371719,2904,58.60,7,2,18.2173841,16484,2.5,1
97,216453,2028,0.9369239512,457,12450,45220,58.6,64.1,74.7,11.10356521,24034,21.22631703,45945,4.741445025,10263,9,5.751826032,12450,58.60,9,12,25.04146397,54203,2.76,2
98,181923,2715,1.492389637,1291,13140,56070,39.1,53.5,70,2.822622758,5135,7.122793709,12958,3.372855549,6136,10.40,7.222836035,13140,63.70,6,26,22.01810656,40056,2.28,1
99,3762,25,0.6645401382,20,131,68040,34.5,51,65.7,1.435406699,54,0.8506113769,32,0.4253056885,16,10.60,3.482190324,131,63.70,9,3,21.66400851,815,2.14,2
100,4872,8,0.1642036125,20,233,52437,38.8,52.3,69.3,3.448275862,168,1.498357964,73,0.5952380952,29,11.10,4.782430213,233,63.70,8,3,23.37848933,1139,2.18,1
101,2264,1,0.04416961131,15,64,48574,36.5,52.4,63.7,2.871024735,65,2.208480565,50,1.855123675,42,10,2.826855124,64,63.70,7,3,20.75971731,470,2.02,2
102,6298,17,0.2699269609,23,254,46981,45.7,55.6,73.8,3.413782153,215,0.6986344871,44,0.5080978088,32,12.60,4.033026358,254,51.30,9,3,22.62623055,1425,2.35,1
103,61303,98,0.1598616707,137,5187,61091,40.8,55.4,65.8,1.787840726,1096,1.24137481,761,1.153287767,707,6.90,8.461249857,5187,51.80,7,4,18.41182324,11287,2.41,1
104,48910,76,0.1553874463,50,3575,58949,39.6,53.7,63.8,1.639746473,802,1.048865263,513,0.7646698017,374,9,7.309343692,3575,51.80,8,5,15.63075036,7645,2.24,2
105,76085,80,0.1051455609,169,5302,51969,41.7,54.5,65.4,1.978050864,1505,1.457580338,1109,1.699415128,1293,10.20,6.968522048,5302,51.80,9,4,18.06532168,13745,2.37,1
106,31563,14,0.04435573298,66,1680,43098,35.5,50.4,60.1,1.900959985,600,1.31166239,414,0.6336533283,200,13.10,5.322687957,1680,51.80,8,6,16.04727054,5065,2.16,2
107,263670,3161,1.198847044,557,15185,48668,50,59.4,72.7,19.39128456,51129,18.79546403,49558,8.071452953,21282,12.80,5.759092805,15185,47.70,7,5,21.12868358,55710,2.63,1
108,932202,20099,2.15607776,2874,51938,85951,48.1,59,71.9,21.02516407,195997,8.440552584,78683,16.95126164,158020,7.03,5.571539216,51938,47.70,9,1,21.69572689,202248,2.72,2
109,445349,5490,1.232741064,909,24495,62120,50.1,59.9,73.1,8.533981215,38006,20.23895866,90134,5.415528047,24118,6.48,5.500180757,24495,47.70,10,10,21.2366032,94577,2.63,1
110,506471,7888,1.557443565,2050,25503,54103,50.7,60.5,73.7,17.58165818,89046,23.38633406,118445,6.000540998,30391,12.56,5.035431446,25503,47.70,8,1,22.71916852,115066,2.67,2
111,679121,4005,0.5897329047,1981,35981,44057,54.2,65.5,72,50.3042904,341627,4.724783949,32087,2.905962266,19735,17.42,5.298172196,35981,60.10,11,2,21.72470002,147537,2.52,1
112,3527,4,0.1134108307,999,80,32010,47.9,58.3,64.9,18.99631415,670,1.559398923,55,0.2551743692,9,23.30,2.268216615,80,60.10,9,13,12.1633116,429,2.46,2
113,64615,229,0.3544068715,232,2944,40322,60.1,71.6,78.9,57.84415383,37376,3.033351389,1960,1.193221388,771,18.90,4.556217597,2944,60.10,7,4,25.25110269,16316,2.74,1
114,26675,278,1.042174321,31,782,28130,48.4,60.3,67.7,38.46672915,10261,2.069353327,552,0.5810684161,155,28.60,2.93158388,782,60.10,11,3,22.95032802,6122,2.84,2
115,24909,36,0.1445260749,40,1034,43661,49.8,59.1,65.9,14.47669517,3606,3.837970212,956,2.998916054,747,11.40,4.151110041,1034,53.30,9,6,20.71540407,5160,2.39,1
116,2266715,33057,1.458365961,6897,114503,47090,62.5,74.3,80.3,31.64394289,717278,15.02548843,340585,10.35652916,234753,14.15,5.051495225,114503,53.30,10,14,21.84663709,495201,2.76,2
117,48905,109,0.222881096,23,2272,75159,46.8,54.5,61.1,13.18270116,6447,1.599018505,782,1.870974338,915,7.20,4.645741744,2272,53.30,9,3,15.39924343,7531,2.31,1
118,52778,343,0.6498920005,75,2465,46808,43,52.3,57.8,24.66558036,13018,1.88525522,995,1.237257948,653,8.30,4.67050665,2465,53.30,4,13,25.51631362,13467,2.91,2
119,16831,91,0.5406690036,53,932,46927,47.9,56.2,62.3,27.5444121,4636,2.002257739,337,0.9090368962,153,11.90,5.537401224,932,53.30,4,5,24.56182045,4134,2.66,1
120,471519,4332,0.9187328612,1744,25129,59639,47.8,55.4,62,25.00090134,117884,3.933457613,18547,5.756501859,27143,12.17,5.329371669,25129,53.30,0,10,19.95083973,94072,2.5,2
121,1418207,49017,3.456265552,3127,32139,37376,49.1,59.5,73.4,56.37963993,799580,46.78964354,663574,4.561111319,64686,29.05,2.266171299,32139,49.70,5,0,24.49607145,347405,2.79,1
122,2559903,61662,2.408763145,5838,79536,52192,49.3,59.6,73.4,18.89442686,483679,35.48443046,908367,12.66411266,324189,21.14,3.106992726,79536,49.70,6,0,22.77203472,582942,2.69,2
123,1628706,29943,1.838453349,8860,164272,193940,49.4,59.8,73.6,25.58835051,416759,19.84471108,323212,12.84621043,209227,16.61,10.08604377,164272,49.70,9,0,14.32695649,233344,2.07,1
124,2253858,67265,2.984438239,3210,64383,49777,48.9,59,72.9,28.17098504,634934,22.51197724,507388,26.9030702,606357,12.99,2.856568604,64383,49.70,5,2,20.32381809,458070,2.91,2
125,1476601,42621,2.886426326,3941,80766,68617,45.9,56.3,69.4,20.21053758,298429,10.02437354,148020,4.227614637,62425,7.12,5.469724049,80766,49.70,9,17,21.92101996,323686,2.99,1
126,967506,35636,3.683284651,3014,50389,108976,47.1,58.2,71,25.54712839,247170,18.25291006,176598,6.4640426,62540,9.22,5.208133076,50389,49.70,8,1,22.25412556,215310,2.71,2
127,97241,489,0.502874302,431,3376,38461,43.9,56.5,67.4,4.440513775,4318,5.339311607,5192,0.4874487099,474,17.40,3.471786592,3376,62.40,12,9,21.2184161,20633,2.51,1
128,65327,292,0.4469821054,156,2600,33274,49.8,58.5,69.6,1.936412203,1265,3.937116353,2572,3.113567132,2034,30.70,3.979977651,2600,62.40,9,1,14.2636276,9318,2.49,2
129,67006,578,0.8626093186,165,4027,42429,47.7,56.9,68.7,1.131241978,758,5.304002627,3554,0.4984628242,334,13,6.00990956,4027,62.40,7,2,18.5655016,12440,2.46,1
130,383134,2230,0.5820417922,790,20462,47408,50.6,60.4,72.6,4.988594069,19113,10.78447749,41319,3.876450537,14852,13.02,5.340690202,20462,62.40,9,4,23.44741004,89835,2.65,2
131,206428,671,0.3250528029,160,9867,53770,50.7,60.4,72.3,2.069971128,4273,2.481736974,5123,1.374329064,2837,8.20,4.779874823,9867,62.40,10,10,22.76193152,46987,2.61,1
132,1235072,11015,0.8918508395,7639,62545,54739,45.9,57.8,69.8,6.262226008,77343,32.08395948,396260,3.356727381,41458,18.08,5.064077236,62545,62.40,11,4,20.60827223,254527,2.27,2
133,1316756,14736,1.119113944,5541,68904,50443,48.7,59.4,72.3,5.781101434,76123,26.05721941,343110,5.725054604,75385,16.30,5.23286015,68904,62.40,9,6,22.6169465,297810,2.47,1
134,148306,717,0.4834598735,75,4661,44878,57.7,67.9,78.7,9.784499616,14511,4.920906774,7298,3.250711367,4821,7.30,3.142826319,4661,65,7,9,24.85266948,36858,3.01,2
135,48111,231,0.480139677,212,2650,43079,59.4,69.2,78.6,7.663528091,3687,8.948057617,4305,1.342728274,646,17.70,5.508095862,2650,65,8,8,23.34393382,11231,2.59,1
136,48657,182,0.3740468997,150,1642,32290,58.1,65.7,77.9,7.300080153,3552,2.416918429,1176,0.9680004932,471,21,3.374642909,1642,65,6,5,20.48215056,9966,2.83,2
137,14672,148,1.0087241,34,463,31885,60.1,68.9,79,4.764176663,699,12.85441658,1886,0.4770992366,70,23,3.155670665,463,65,9,2,22.30779716,3273,2.45,1
138,418187,1181,0.2824095441,699,19288,58608,47.4,52.8,56.3,9.010084005,37679,2.071083032,8661,4.859787607,20323,8.50,4.612290674,19288,59.20,10,22,22.09776966,92410,2.59,2
139,40224,68,0.1690533015,83,3020,45069,47.9,54,56.5,8.641607001,3476,1.61097852,648,1.628381066,655,11,7.507955449,3020,59.20,8,3,18.80220764,7563,2.37,1
140,52354,63,0.1203346449,999,1480,44312,49.6,55.5,58.6,5.569774993,2916,1.487947435,779,1.138403942,596,10.20,2.826909119,1480,59.20,7,4,21.42911716,11219,2.61,2
141,197692,387,0.1957590595,304,11865,55143,42.8,48.7,54.2,8.257289116,16324,1.106266313,2187,1.277239342,2525,9.40,6.001760314,11865,59.20,9,15,19.68162596,38909,2.47,1
142,812855,3678,0.4524792245,2987,44189,57850,50.8,56.8,60.3,12.01530408,97667,7.756118865,63046,8.079177713,65672,15.13,5.436270922,44189,59.20,9,3,18.83964545,153139,2.42,2
143,1216045,6670,0.5484994388,7109,70649,62958,47.3,57.9,69.3,2.265705628,27552,15.00536576,182472,4.203298398,51114,12.14,5.809735659,70649,60.60,10,7,18.90168538,229853,2.21,1
144,163929,1046,0.6380811205,320,6818,48763,46.4,57.2,68.1,1.784309061,2925,8.111438489,13297,0.5911095657,969,11.20,4.159117667,6818,60.60,9,8,19.52552629,32008,2.32,2
145,628270,6513,1.036656215,1137,35239,73447,48.9,59.5,71.6,5.675903672,35660,5.422350263,34067,5.246311299,32961,6.05,5.608894265,35239,60.60,8,22,20.91887246,131427,2.6,1
146,38438,70,0.1821114522,182,1609,41732,44.8,54.6,66.4,1.090067121,419,1.828919299,703,0.686820334,264,15.30,4.185961809,1609,60.60,7,3,18.13049586,6969,2.37,2
147,566747,8003,1.412093933,1071,25093,66617,50.8,60.6,73.6,4.10941743,23290,24.17339659,137002,6.257112962,35462,8.80,4.4275488,25093,60.60,9,0,21.89142598,124069,2.58,1
148,830915,9282,1.117081771,7014,56721,80606,50,60.5,72.9,5.435212988,45162,11.3496567,94306,8.097819873,67286,5.90,6.82633001,56721,60.60,9,9,21.89850947,181958,2.62,2
149,1584064,24092,1.520898146,7014,51033,55747,51.1,61.1,74.2,15.24086148,241425,45.55169488,721568,7.820264838,123878,24.86,3.221650135,51033,60.60,8,2,21.00060351,332663,2.57,1
150,48479,290,0.5981971575,999,1170,78805,44.4,57.2,69.3,3.24882939,1575,2.347408156,1138,2.467047588,1196,7.70,2.413416118,1170,45.40,10,0,19.92821634,9661,2.31,2
151,164292,1351,0.8223163635,359,11520,59665,44,56.6,68.3,5.658218294,9296,3.544299175,5823,2.905801865,4774,7.80,7.011905631,11520,45.40,7,2,19.41117036,31891,2.36,1
152,82082,365,0.4446772739,129,4246,68679,43.7,56.4,68.5,5.952584001,4886,5.957457177,4890,1.954143418,1604,8.10,5.172875905,4246,45.40,9,2,17.65307863,14490,2.25,2
153,638931,14033,2.196324799,2700,25647,48137,43.8,56.7,68.3,23.88458222,152606,14.82272734,94707,4.602687927,29408,16.20,4.014048465,25647,45.40,9,1,20.52490801,131140,2.55,1
154,170872,1085,0.6349782293,273,7393,42511,63.9,69.9,77.8,5.903249216,10087,26.52160682,45318,1.241865256,2122,15,4.32663046,7393,62,10,8,21.17081792,36175,2.46,2
155,8688,132,1.519337017,25,150,33237,64.3,70.8,78.1,3.70626151,322,73.41160221,6378,0.8517495396,74,37.30,1.726519337,150,62,6,1,19.00322284,1651,2.4,1
156,202558,1519,0.7499086681,721,9287,39710,59.9,59.9,75.2,3.988980934,8080,17.45623476,35359,1.042170638,2111,14.60,4.584859645,9287,62,9,2,22.35902803,45290,2.52,2
157,14066,328,2.331864069,999,386,32858,63.8,70.4,77.7,2.274989336,320,60.87018342,8562,0.5403099673,76,26.70,2.744205887,386,62,9,3,19.0885824,2685,2.49,1
158,18453,574,3.110605322,25,935,49246,43.8,55.7,72.4,10.72454343,1979,2.687909825,496,10.08508102,1861,12.90,5.066926787,935,46.40,8,3,25.78984447,4759,2.28,2
159,3365,5,0.1485884101,14,140,29462,42.6,54.4,70.2,6.18127786,208,1.456166419,49,0.5646359584,19,32.50,4.160475483,140,46.40,8,1,31.53046062,1061,3.45,1
160,6901,13,0.1883784959,45,172,38851,46.3,57,74.4,3.100999855,214,1.782350384,123,0.2608317635,18,15.70,2.492392407,172,46.40,10,3,19.14215331,1321,2.19,2
161,35077,107,0.3050431907,49,1903,46302,42,54,71,3.495167774,1226,1.915785272,672,2.828063974,992,11.80,5.425207401,1903,46.40,8,3,20.59184081,7223,2.39,1
162,15064,643,4.268454594,25,119,26281,53.8,62.7,71.6,2.834572491,427,8.370950611,1261,0.2987254381,45,26.70,0.7899628253,119,61.70,9,1,13.90732873,2095,2.77,2
163,133088,663,0.4981666266,459,6519,42991,54.7,62.7,72.4,3.617906949,4815,3.81326641,5075,0.976797307,1300,9.90,4.898262804,6519,61.70,8,6,19.8004328,26352,2.52,1
164,108110,1284,1.187679216,251,5047,39099,56.9,65,74.6,6.63028397,7168,6.307464619,6819,1.243178244,1344,14.70,4.668393303,5047,61.70,7,1,21.05263158,22760,2.55,2
165,39842,106,0.2660509011,120,1441,33967,52.7,60.8,69.3,1.553636866,619,0.9060790121,361,0.3940565233,157,21.60,3.616786306,1441,61.70,8,2,19.91365895,7934,2.42,1
166,2003554,33555,1.674773927,6223,94531,46058,68.9,77.5,81.5,60.68156885,1215788,9.66502525,193644,3.266495438,65446,16.26,4.718165819,94531,58.20,9,16,24.0384337,481623,3,2
167,1034730,5614,0.5425569955,2571,52796,65874,62.2,71.3,80.2,15.52443633,160636,11.8679269,122801,16.29526543,168612,6.56,5.102393861,52796,58.20,7,21,24.6096083,254643,2.84,1
168,811688,6130,0.75521629,1169,31292,57540,70.7,77.1,81.8,24.94702398,202492,22.31140537,181099,20.92195523,169821,7.90,3.85517588,31292,58.20,6,12,25.95122757,210643,3.18,2
169,4713325,58480,1.240737696,15722,217049,56474,70,76.6,81.4,43.72749598,2061019,20.88099166,984189,7.328287356,345406,16.22,4.605008142,217049,58.20,5,15,24.06678937,1134346,2.88,1
170,2102515,22665,1.077994687,6677,105886,51239,63.4,73,80.5,29.47470054,619710,19.08599939,401286,5.809661287,122149,12.95,5.036159076,105886,58.20,6,18,24.33238288,511592,2.86,2
171,6710,18,0.2682563338,72,414,33739,46.6,58.2,65.1,12.414307,833,0.9687034277,65,0.8196721311,55,16.22,6.169895678,414,58.50,5,2,29.86587183,2004,2.8,1
172,56046,274,0.4888841309,74,1973,37390,46.2,56.6,62.4,9.690254434,5431,1.008100489,565,0.8385968669,470,7.30,3.520322592,1973,58.50,5,4,29.88081219,16747,3.04,2
173,128289,1685,1.313440747,168,6986,38974,41.5,51.8,56.8,10.9292301,14021,1.526241533,1958,2.339249663,3001,12.90,5.445517542,6986,58.50,7,4,28.86295785,37028,3.18,1
174,20463,24,0.1172848556,39,1063,38499,43.2,55,61,13.41934223,2746,1.197282901,245,0.6548404437,134,14.40,5.194741729,1063,58.50,8,2,24.55162977,5024,2.54,2
175,1147532,15078,1.313950286,2810,55147,,53,61.8,74,16.51500786,189515,11.85256707,136012,20.13756479,231085,6.17,4.805704765,55147,55.50,8,2,0.5265212648,6042,2.88,1
176,71222,545,0.765212996,97,2895,70787,52,60.8,72.4,9.157282862,6522,9.484428969,6755,1.726994468,1230,6.10,4.064755272,2895,55.50,7,17,22.98727921,16372,2.82,2
177,15749,26,0.165089847,999,384,38903,49.2,55.9,65.6,3.009714903,474,2.844625056,448,0.5333671979,84,12.30,2.438250048,384,55.50,8,2,18.99803162,2992,2.4,1
178,27270,151,0.5537220389,999,314,44693,55.3,61.6,73.2,3.843050972,1048,16.91602494,4613,0.9424275761,257,6.90,1.151448478,314,55.50,9,0,19.07224056,5201,2.55,2
179,36777,71,0.1930554423,45,1801,51805,39.7,54,63.9,2.286755309,841,2.042037143,751,1.843543519,678,8.90,4.897082416,1801,70,5,12,17.63330342,6485,2.31,1
180,35470,80,0.2255427122,99,2600,54458,39.1,52.5,62.4,2.227234282,790,1.996053003,708,1.124894277,399,11.40,7.330138145,2600,70,7,2,19.2472512,6827,2.31,2
181,29993,25,0.08335278232,75,1546,41246,37,51.2,61.3,1.653719201,496,1.363651519,409,0.9335511619,280,12.50,5.154536058,1546,70,10,2,19.68792718,5905,2.39,1
182,163774,695,0.4243652839,562,562,60914,40.9,55.1,65.9,2.460097451,4029,3.450486646,5651,4.553225787,7457,10.40,7.43829912,12182,70,7,11,18.47851307,30263,2.33,2
183,204390,2983,1.459464749,438,10231,47465,53.2,60.6,67.1,24.34365673,49756,9.028328196,18453,12.0294535,24587,9.80,5.005626498,10231,62.70,8,3,26.50472137,54173,2.71,1
184,488241,1271,0.2603222589,814,18951,53423,50.7,57.4,60.7,9.464588185,46210,1.204528092,5881,1.385586217,6765,9.30,3.881484759,18951,62.70,9,16,23.98508114,117105,2.69,2
185,1931249,13627,0.7056055434,5631,170848,90438,46.3,53,55.6,11.52839432,222642,10.20173991,197021,23.02540998,444678,9.55,8.846502963,170848,62.70,5,16,24.10818077,465589,2.46,1
186,271473,423,0.1558166005,419,11172,56244,50.8,57.6,59.9,8.242808677,22377,4.888883977,13272,5.388012804,14627,9.10,4.115326386,11172,62.70,8,7,20.64993572,56059,2.51,2
187,904980,4003,0.4423302172,1873,36545,52114,45.5,51.6,54.6,11.38445049,103027,10.86996398,98371,7.056067537,63856,11.16,4.038210789,36545,62.70,7,14,23.31300139,210978,2.65,1
188,822083,4512,0.5488496904,993,35999,55888,44.9,51.6,54.2,10.60318727,87167,5.207503379,42810,12.04817518,99046,8.07,4.378998228,35999,62.70,8,13,22.79635998,187405,2.68,2
189,118016,685,0.5804297722,656,8150,50107,43.7,56.6,69.2,2.095478579,2473,2.590326735,3057,4.706988883,5555,10.90,6.905843275,8150,59,5,3,19.97102088,23569,2.38,1
190,16665,87,0.5220522052,25,311,43042,44.6,55.9,69.8,4.332433243,722,0.8520852085,142,0.5100510051,85,11.30,1.866186619,311,59,7,1,22.94629463,3824,2.49,2
191,19189,13,0.0677471468,25,1384,43223,37.1,51.7,63.5,2.121006827,407,1.938610662,372,0.5002866225,96,12.70,7.212465475,1384,59,8,2,19.18286518,3681,2.2,1
192,27593,46,0.1667089479,43,1226,45766,37.6,52.7,64.4,1.688834125,466,1.471387671,406,0.5834813177,161,10.60,4.443155873,1226,59,9,9,17.64577973,4869,2.16,2
193,105612,790,0.7480210582,1552,6080,44679,47.8,57.1,68.2,2.227019657,2352,5.127258266,5415,3.356626141,3545,18.30,5.756921562,6080,70.70,6,1,16.44794152,17371,2.56,1
194,13275,18,0.1355932203,999,114,30359,49.2,57.1,66.7,0.9868173258,131,1.393596987,185,0.1807909605,24,14.90,0.8587570621,114,70.70,7,1,19.23163842,2553,2.33,2
195,17884,25,0.1397897562,41,434,34533,49.2,59.2,70.3,1.660702304,297,1.649519123,295,0.4137776784,74,10.80,2.426750168,434,70.70,8,1,17.77007381,3178,2.44,1
196,24496,23,0.09389288047,105,1315,34102,48,57.3,65.9,0.7878837361,193,0.9511757022,233,0.3674069236,90,19,5.368223383,1315,70.70,6,3,20.44823645,5009,2.4,2
197,38880,74,0.1903292181,99,1698,40444,36.2,49.2,58.9,9.663065844,3757,2.780349794,1081,3.899176955,1516,20.40,4.367283951,1698,71.80,9,3,15.8281893,6154,2.24,1
198,11790,33,0.2798982188,25,259,36903,39.2,52.8,62.1,9.202714165,1085,1.187446989,140,0.4664970314,55,13,2.19677693,259,71.80,10,4,23.29940628,2747,2.59,2
199,46341,96,0.2071599663,90,2423,52824,39,52.1,65,8.884141473,4117,1.195485639,554,0.8049027859,373,9.20,5.228631234,2423,71.80,7,7,26.2532099,12166,2.69,1
200,14800,49,0.3310810811,25,718,58372,38,50,58.8,18.52702703,2742,1.743243243,258,1.013513514,150,13.40,4.851351351,718,71.80,10,7,21.90540541,3242,2.31,2